<?xml version="1.0" encoding="UTF-8" standalone="yes"?>
<addon id="plugin.video.arnubox" name="[COLOR white]AR[/COLOR][COLOR blue]NU[/COLOR][COLOR white]BOX[/COLOR]" version="2.1" provider-name="Arnubox">
  <requires>
    <import addon="xbmc.python" version="2.1.0"/>
    <import addon="script.module.simplejson" version="3.3.0"/>
    <import addon="script.module.urlresolver"  version="2.1.2"/>
    <import addon="script.module.liveresolver" version="0.1.24"/>
    <import addon="script.common.plugin.cache" version="2.5.2"/>    <import addon="script.module.metahandler" version="2.5.1"/>
    <import addon="plugin.video.youtube" version="5.3.2" optional="false" />
	<import addon="script.speedtestnet" version="1.0.0" optional="false" />
	<import addon="plugin.program.cloudwordlite" version="2.0.0" optional="false" />
  </requires>
  <extension point="xbmc.python.pluginsource" library="default.py">
        <provides>video</provides>
  </extension>
  <extension point="xbmc.addon.metadata">
    <summary lang="en">The Home Of Arnubox Add-on</summary>
    <description lang="en">Arnubox addon for reviews of Arnubox products and global partner contact details , also has images of the products and contact numbers for your region, visit http://www.arnubox.com and follow us on twitter @ARNUBox</description>
    <platform>all</platform>
  </extension>
</addon>
