<?xml version="1.1" encoding="UTF-8" standalone="yes"?>
<addon id="repository.arnubox" name="ARNUBOX REPO" version="1.0" provider-name="ARNUBOX">
    <extension point="xbmc.addon.repository" name="[COLOR white]AR[/COLOR][COLOR blue]NU[/COLOR][COLOR white]BOX REPO[/COLOR]">
	<dir>
		<info compressed="false">https://offshoregit.com/tvaresolvers/tva-common-repository/raw/master/addons.xml</info>
		<checksum>https://offshoregit.com/tvaresolvers/tva-common-repository/raw/master/addons.xml.md5</checksum>
		<datadir zip="true">https://offshoregit.com/tvaresolvers/tva-common-repository/raw/master/zips/</datadir>
	</dir>
		<info compressed="false">http://simtech.net16.net/plugins1/addons.xml</info>
		<checksum>http://simtech.net16.net/plugins1/addons.xml.md5</checksum>
		<datadir zip="true">http://simtech.net16.net/plugins1/</datadir>
	</extension>
	<extension point="xbmc.addon.metadata">
		<summary>@ARNUBox </summary>
		<description>ARNUBOX OFFICIAL REPO</description>
		<platform>all</platform>
	</extension>
</addon>
