<?xml version="1.0" encoding="UTF-8" standalone="yes"?>
<addon id="repository.oursports " name="Our Sports" version="1.0" provider-name="Baz">
	<extension point="xbmc.addon.repository" name="Our Sports">
		<info compressed="false">https://oursports.000webhostapp.com/Plugins/addons.xml</info>
		<checksum>https://oursports.000webhostapp.com/Plugins/addons.xml.md5</checksum>
		<datadir zip="true">https://oursports.000webhostapp.com/Plugins/</datadir>
	</extension>
	<extension point="xbmc.addon.metadata">
		<summary>Our Sports Repo</summary>
		<description>Our Sports Repository  V1</description>
		<platform>all</platform>
	</extension>
</addon>

