<?xml version="1.0" encoding="UTF-8" standalone="yes"?>
<addon id="plugin.video.aurora" name="[COLOR cyan]A[/COLOR][COLOR grey]urora[/COLOR]" version="1.0.5" provider-name="@voidbuilds3">
  <requires>
    <import addon="xbmc.python" version="2.1.0"/>
    <import addon="script.module.simplejson" version="3.3.0"/>
    <import addon="script.module.urlresolver"  version="2.1.2"/>
    <import addon="script.module.liveresolver" version="0.1.24"/>
    <import addon="script.common.plugin.cache" version="2.5.2"/>
    <import addon="script.module.metahandler" version="2.5.1"/>	
    <import addon="plugin.video.youtube" version="5.3.2" />
  </requires>
  <extension point="xbmc.python.pluginsource" library="default.py">
        <provides>video</provides>
  </extension>
  <extension point="xbmc.addon.metadata">
    <summary lang="en">Aurora Addon - A home for entertainment.</summary>
    <description lang="en">The author does not host or distribute any of the content displayed by this addon. The author does not have any affiliation with the content provider. Follow Me @voidbuilds3 Credit to Trapper ie Live_Prem_Addon,Echo and MK  for the base and thanks to @JMkodi for the menu pictures.</description>
    <platform>all</platform>
  </extension>
</addon>
