<?xml version="1.0" encoding="UTF-8" standalone="yes"?>
<addon id="repository.simtech" name="SIMTECH REPO" version="2.5" provider-name="SIMTECH">
     <extension point="xbmc.addon.repository" name="SIMTECH">
	 <dir>
		<info compressed="false">https://offshoregit.com/tvaresolvers/tva-common-repository/raw/master/addons.xml</info>
		<checksum>https://offshoregit.com/tvaresolvers/tva-common-repository/raw/master/addons.xml.md5</checksum>
		<datadir zip="true">https://offshoregit.com/tvaresolvers/tva-common-repository/raw/master/zips/</datadir>
	 </dir>
	     <info compressed="false">http://simtech.net16.net/plugins/addons.xml</info>
		 <checksum>http://simtech.net16.net/plugins/addons.xml.md5</checksum>
		 <datadir zip="true">http://simtech.net16.net/plugins/</datadir>
	 </extension>
     <extension point="xbmc.addon.metadata">
         <summary>SIMTECH Repository.</summary>
         <description>Official Repository of SIMTECH V 2.5</description>
         <platform>all</platform>
     </extension>		 
</addon>