<?xml version="1.0" encoding="UTF-8" standalone="yes"?>
<addon id="plugin.video.ufc-finest" name="[B][COLOR red]UFC[/COLOR][/B] [B][COLOR white]Finest[/COLOR][/B]" version="1.4" provider-name="@DetectiveKodi">
  <requires>
    <import addon="xbmc.python" version="2.1.0"/>
    <import addon="script.module.simplejson" version="3.3.0"/>
    <import addon="script.module.urlresolver"  version="2.1.2"/>
    <import addon="script.module.liveresolver" version="0.1.24"/>
    <import addon="script.common.plugin.cache" version="2.5.2"/>

    <import addon="script.module.metahandler" version="2.5.1"/>
    <import addon="plugin.video.youtube" optional="true" />
  </requires>
  <extension point="xbmc.python.pluginsource" library="default.py">
        <provides>video</provides>
  </extension>
  <extension point="xbmc.addon.metadata">
    <summary lang="en">UFC Finest</summary>
    <description lang="en">The author of this addon does not own nor is affiliated in any way with the content providers , But is providing a 3rd party way to give access to all links provided</description>
    <platform>all</platform>
  </extension>
</addon>
