<?xml version="1.0" encoding="UTF-8" standalone="yes"?>

<addon id="plugin.video.TIA"
	name="[COLOR red]T[/COLOR][COLOR snow]his[/COLOR] [COLOR red]I[/COLOR][COLOR snow]s[/COLOR] [COLOR red]A[/COLOR][COLOR snow]nfield[/COLOR]"
	version="1.0.0"
	provider-name="@PBear90">
  <requires>
    <import addon="xbmc.python" version="2.1.0"/>
    <import addon="script.module.addon.common" version="2.0.0"/>
    <import addon="plugin.video.youtube" version="5.0.0"/>
  </requires>
  <extension point="xbmc.python.pluginsource" library="default.py">
    <provides>video</provides>
  </extension>
  <extension point="xbmc.addon.metadata">
    <summary lang="en">This Is Anfield</summary>
    <description lang="en">Liverpool FC YouTube Channels</description>
    <platform>all</platform>
    <forum>n/a</forum>
    <website>n/a</website>
  </extension>
</addon>
