<?xml version="1.0" encoding="UTF-8" standalone="yes"?>
<addon id="plugin.video.oursports" name="OUR SPORTS" version="2.5" provider-name="BAZ">
  <requires>
    <import addon="xbmc.python" version="2.1.0"/>
    <import addon="script.module.requests" />
	<import addon="script.module.urlresolver"  version="3.0.0"/>
	<import addon="script.module.addon.common" />
    <import addon="script.module.liveresolver"  version="0.1.28"/> 
  </requires>
  <extension point="xbmc.python.pluginsource" library="default.py">
		<provides>video</provides>
  </extension>
  <extension point="xbmc.addon.metadata">
	<summary lang="en">[COLORred]Our Sports[/COLOR]</summary>
	<description lang="en">A BIG BIG THANK YOU TO ORIGIN FOR THE CODE</description>
	<disclaimer lang="en">It is recommended to use a vpn to view any streams provided</disclaimer>
	<platform>all</platform>
  </extension>
</addon>
